StockCode,Description,UnitsSold,Label
85099B,Jumbo Bag Red Retrospot,26372,Jumbo Bag Red Retrospot
84879,Assorted Colour Bird Ornament,24332,Assorted Colour Bird Ornament
85123A,White Hanging Heart T-Light Holder,24192,White Hanging Heart T-Light Holder
21212,Pack Of 72 Retrospot Cake Cases,22141,Pack Of 72 Retrospot Cake Cases
84077,World War 2 Gliders Asstd Designs,21171,World War 2 Gliders Asstd Designs
22178,Victorian Glass Hanging T-Light,15953,Victorian Glass Hanging T-Light
20725,Lunch Bag Red Retrospot,15747,Lunch Bag Red Retrospot
23084,Rabbit Night Light,15184,Rabbit Night Light
47566,Party Bunting,14915,Party Bunting
22197,Popcorn Holder,14684,Popcorn Holder
22086,Paper Chain Kit 50'S Christmas,13647,Paper Chain Kit 50'S Christmas
20724,Red Retrospot Charlotte Bag,12786,Red Retrospot Charlotte Bag
22961,Jam Making Set Printed,12472,Jam Making Set Printed
22492,Mini Paint Set Vintage,12464,Mini Paint Set Vintage
21977,Pack Of 60 Pink Paisley Cake Cases,12433,Pack Of 60 Pink Paisley Cake Cases
